{"train_loss": [11.9537988836261, 10.76738771572723, 8.819737685602894, 7.064522206816736, 5.806758833060828, 4.930693419755051, 4.286872531178512, 3.8044139969308777, 3.413871939752299, 3.09556624938199, 2.828964300828491, 2.616466549249014, 2.4132191408763473, 2.2315101664222823, 2.1004556289744953, 1.970228334842485, 1.857021797407291, 1.7460114705171321, 1.6608794608066488, 1.5782072717473343, 1.490236759411524, 1.4182854621065528, 1.3670524113808242, 1.3001094169263998, 1.2476643388880142], "val_loss": [11.01722636573906, 8.903868790095496, 7.626253742588853, 6.9482094936493555, 6.453134282986721, 6.097587667932844, 5.840601423282637, 5.549830323547189, 5.382416905293386, 5.214020241320857, 5.10900918750613, 4.983250491187945, 4.867502628862219, 4.811972190517456, 4.7123641038128445, 4.63678173246854, 4.5913539861593184, 4.53930596286182, 4.4518037529141665, 4.426202683639663, 4.376255939482279, 4.331394047972302, 4.298574499013681, 4.260703273804551, 4.222275304402344], "epochs": [1, 2, 3, 4, 5, 6, 7, 8, 9, 10, 11, 12, 13, 14, 15, 16, 17, 18, 19, 20, 21, 22, 23, 24, 25], "lr": [0.0001, 0.0001, 0.0001, 0.0001, 0.0001, 0.0001, 0.0001, 0.0001, 0.0001, 0.0001, 0.0001, 0.0001, 0.0001, 0.0001, 0.0001, 0.0001, 0.0001, 0.0001, 0.0001, 0.0001, 0.0001, 0.0001, 0.0001, 0.0001, 0.0001]}