{"train_loss": [11.8654627806011, 11.519336708068847, 11.107182216443514, 9.623596617648476, 6.528588067707263, 3.594434409894441, 2.119999665191299, 1.3561761580799756, 0.9415862493005238, 0.6793827574778545, 0.520037149390892, 0.4058929437840063, 0.3274233451778755, 0.25621176805435436, 0.21068573735732782, 0.1660083141045547, 0.14266221276852056, 0.113813797084247, 0.09223306445316656, 0.0734838507194072, 0.060257444034698175, 0.04902077856164818, 0.03929061525660616, 0.033641390255921964, 0.024504530710437775, 0.01983841243430384, 0.01995730099904253, 0.01666392962554911, 0.014956025765792124, 0.012842159217713695], "val_loss": [11.459881053652083, 11.178712757655552, 9.99221212387085, 7.863530310222081, 6.427900265966143, 5.626068506581443, 5.088750349453518, 4.686709104776383, 4.387901054961341, 4.14858531492097, 4.087063092163631, 3.826982958316803, 3.7787088186400277, 3.7255789618832726, 3.5507704401016236, 3.5298072516918184, 3.4265400901862555, 3.3382990404537747, 3.3090093045575277, 3.2594755475861685, 3.2328383794852664, 3.158594734157835, 3.136139701604843, 3.1083091417380744, 3.069315259541784, 3.0439656829833983, 3.0502913175310407, 3.0313937276601792, 3.0238290133646557, 3.0111486901555744], "epochs": [1, 2, 3, 4, 5, 6, 7, 8, 9, 10, 11, 12, 13, 14, 15, 16, 17, 18, 19, 20, 21, 22, 23, 24, 25, 26, 27, 28, 29, 30], "lr": [0.0001, 9.972883382072954e-05, 9.891830623632339e-05, 9.757729755661011e-05, 9.572050015330873e-05, 9.336825748732972e-05, 9.05463412215599e-05, 8.728566886113101e-05, 8.362196501476347e-05, 7.959536998847741e-05, 7.524999999999999e-05, 7.06334638322521e-05, 6.579634122155988e-05, 6.079162869547907e-05, 5.567415893174884e-05, 5.05e-05, 4.532584106825115e-05, 4.0208371304520894e-05, 3.520365877844009e-05, 3.036653616774789e-05, 2.5750000000000002e-05, 2.140463001152258e-05, 1.737803498523653e-05, 1.3714331138868993e-05, 1.0453658778440105e-05, 7.631742512670283e-06, 5.2794998466912506e-06, 3.4227024433898994e-06, 2.0816937636766182e-06, 1.2711661792704665e-06]}