{"train_loss": [12.12254658468146, 11.550426659835013, 11.322933393378007, 11.069299446507504, 10.749057732230739, 10.337789391367059, 9.856453383797094, 9.388451238331042, 8.957746211001748, 8.530576739060251, 8.133795055188632, 7.789297752781918, 7.464807983197664, 7.161962152782239, 6.8725881400861235], "val_loss": [11.506533555984497, 11.243372075217112, 10.972472423825945, 10.61050655909947, 10.178536186218262, 9.675125886372157, 9.221950205394199, 8.83531109537397, 8.56246074948992, 8.317530157906669, 8.108914256095886, 7.904965000152588, 7.699564916746957, 7.59621908732823, 7.439939477103097], "epochs": [1, 2, 3, 4, 5, 6, 7, 8, 9, 10, 11, 12, 13, 14, 15], "lr": [0.0001, 0.0001, 0.0001, 0.0001, 0.0001, 0.0001, 0.0001, 0.0001, 0.0001, 0.0001, 0.0001, 0.0001, 0.0001, 0.0001, 0.0001]}