{"train_loss": [12.093238730958644, 11.540838587204082, 11.321997974942995, 11.06730706859755, 10.738439678745781, 10.319042665846396, 9.858004189177647, 9.406670376758447, 8.981429824493075, 8.579987116708052, 8.230044525141684, 7.884864814529483, 7.583531875738362, 7.279844248654858, 7.022457795455152], "val_loss": [11.330670403071812, 11.144623144694737, 10.892135750906808, 10.53440294265747, 10.072048907961165, 9.558758801732745, 9.146987372807095, 8.790536858694894, 8.481231807300023, 8.2646728849411, 8.055167712484087, 7.878966997010367, 7.723985483986991, 7.595687873704093, 7.467293475696019], "epochs": [1, 2, 3, 4, 5, 6, 7, 8, 9, 10, 11, 12, 13, 14, 15], "lr": [0.0001, 0.0001, 0.0001, 0.0001, 0.0001, 0.0001, 0.0001, 0.0001, 0.0001, 0.0001, 0.0001, 0.0001, 0.0001, 0.0001, 0.0001]}