{"train_loss": [10.576584111909327, 10.271306494775631, 10.086274549832174, 9.799917589657538, 9.412834150325166, 9.014887659769924, 8.668423254465319, 8.351842934824957, 8.071197775522332, 7.797970297360155, 7.5544847859700255, 7.324670210502636, 7.1012204967497174, 6.91081816543661, 6.709742713822281], "val_loss": [10.214176764907455, 9.986357577789503, 9.673353492404155, 9.25833418984512, 8.849764528744897, 8.5590468185812, 8.348458292485988, 8.144761093690448, 8.000184419071614, 7.866523583161992, 7.725920040152429, 7.653058407219756, 7.544935455145028, 7.451899392166847, 7.3547886138817855], "epochs": [1, 2, 3, 4, 5, 6, 7, 8, 9, 10, 11, 12, 13, 14, 15], "lr": [0.0001, 0.0001, 0.0001, 0.0001, 0.0001, 0.0001, 0.0001, 0.0001, 0.0001, 0.0001, 0.0001, 0.0001, 0.0001, 0.0001, 0.0001]}