{"train_loss": [12.076832983209027, 10.860623831510232, 8.885362393990615, 7.114563002900203, 5.879466684477516, 5.027829130382581, 4.389994044487636, 3.8904492749006376, 3.4959962328558185, 3.176441184870414, 2.9075344897849953, 2.6972664887029323, 2.499079991994712, 2.32771852129947, 2.1672027006985637, 2.040741459807926, 1.924235649193158, 1.8143539494037986, 1.7176294134014345, 1.6287900590051938, 1.5494962608402942, 1.47741883939152, 1.4016694678491362, 1.3411665211356414, 1.2923118023520705], "val_loss": [11.077781099860713, 9.051570892333984, 7.7187695295321594, 7.058326705512701, 6.639010555664074, 6.2613669343298035, 5.982404371429291, 5.7205290922188095, 5.5247949923337405, 5.360960447592254, 5.251601832947448, 5.103673126801497, 5.005376312799161, 4.906957450383386, 4.843054992629427, 4.761513279027986, 4.681553301766909, 4.612843400925888, 4.542674751942971, 4.518720415509369, 4.436365774395298, 4.393650764520889, 4.374655318311319, 4.305479561285601, 4.2584113272877575], "epochs": [1, 2, 3, 4, 5, 6, 7, 8, 9, 10, 11, 12, 13, 14, 15, 16, 17, 18, 19, 20, 21, 22, 23, 24, 25], "lr": [0.0001, 0.0001, 0.0001, 0.0001, 0.0001, 0.0001, 0.0001, 0.0001, 0.0001, 0.0001, 0.0001, 0.0001, 0.0001, 0.0001, 0.0001, 0.0001, 0.0001, 0.0001, 0.0001, 0.0001, 0.0001, 0.0001, 0.0001, 0.0001, 0.0001]}