{"train_loss": [11.990807192680535, 11.517400238533526, 11.324807809764247, 11.090781115662251, 10.779175931866682, 10.42839975069889, 10.019083563466653, 9.626068723505485, 9.280992656036236, 8.997697270325697, 8.77255640383343, 8.613869050749479, 8.4808256357538, 8.409001007509824, 8.354729043631634], "val_loss": [11.495456114081163, 11.314510443621316, 11.038262948724013, 10.671399343516505, 10.287165673142079, 9.888286272571118, 9.51363065125177, 9.209294266663251, 9.003561658634297, 8.877137188914846, 8.765861995225297, 8.703380837280296, 8.6410257316982, 8.629476870018044, 8.645697290340093], "epochs": [1, 2, 3, 4, 5, 6, 7, 8, 9, 10, 11, 12, 13, 14, 15], "lr": [0.0001, 9.891830623632339e-05, 9.572050015330874e-05, 9.05463412215599e-05, 8.362196501476348e-05, 7.525e-05, 6.57963412215599e-05, 5.567415893174885e-05, 4.532584106825116e-05, 3.5203658778440106e-05, 2.5750000000000013e-05, 1.7378034985236535e-05, 1.0453658778440107e-05, 5.279499846691251e-06, 2.0816937636766186e-06]}