{"train_loss": [11.94754425478885, 10.770292438992952, 8.840855895231867, 7.065881973358552, 5.827995442802967, 4.952632516326253, 4.34907286293711, 3.837606651198012, 3.463161534634479, 3.1425497902952424, 2.86994069330555, 2.6449442533928154, 2.442438437397094, 2.2745342588412383, 2.140706200100226, 2.000304798694662, 1.9028011300096008, 1.7806520827409476, 1.6924052703793715, 1.6133643219059135, 1.521463110698469, 1.4570622952199692, 1.393618108182335, 1.3319016789856413, 1.2695050036999018], "val_loss": [11.081843804938185, 9.00418001417606, 7.679078936832474, 6.963584424598972, 6.523157533021209, 6.163275658019191, 5.888165937993593, 5.61940437900415, 5.486039815415989, 5.2942170125403685, 5.188908928117214, 5.055963701141827, 4.9309187221731605, 4.843001533440814, 4.7722645099031835, 4.670899777944127, 4.636914698799821, 4.546896135150917, 4.4991167789701905, 4.479349967920414, 4.377042969777977, 4.356285623604268, 4.316725630177354, 4.275701374305496, 4.252849433019896], "epochs": [1, 2, 3, 4, 5, 6, 7, 8, 9, 10, 11, 12, 13, 14, 15, 16, 17, 18, 19, 20, 21, 22, 23, 24, 25], "lr": [0.0001, 0.0001, 0.0001, 0.0001, 0.0001, 0.0001, 0.0001, 0.0001, 0.0001, 0.0001, 0.0001, 0.0001, 0.0001, 0.0001, 0.0001, 0.0001, 0.0001, 0.0001, 0.0001, 0.0001, 0.0001, 0.0001, 0.0001, 0.0001, 0.0001]}