{"train_loss": [13.034559486135008, 12.437208289263648, 12.236856097238062, 11.993438575530691, 11.682813954659965, 11.286902136423656, 10.820512759542254, 10.312172793899688, 9.820580228531686, 9.323018016831272, 8.889651398102794, 8.48873973692014, 8.077401703579778, 7.722254816349262, 7.422495865253816], "val_loss": [12.452326763008559, 12.257092653128655, 11.955759647661145, 11.570947615737316, 11.10410632023733, 10.565881439410763, 10.0814450429626, 9.5993595263036, 9.210411670976574, 8.856151886545309, 8.541405598379358, 8.322979570883696, 8.116558590985095, 7.990085649524441, 7.836865395456659], "epochs": [1, 2, 3, 4, 5, 6, 7, 8, 9, 10, 11, 12, 13, 14, 15], "lr": [0.0001, 0.0001, 0.0001, 0.0001, 0.0001, 0.0001, 0.0001, 0.0001, 0.0001, 0.0001, 0.0001, 0.0001, 0.0001, 0.0001, 0.0001]}