{"train_loss": [12.705076452253643, 12.203712636920315, 11.510612502254753, 9.23705177891626, 6.091836167516684, 3.464254457839367, 2.0751527741429, 1.3698810107006418, 0.9994911820511628, 0.7463365106562132, 0.5913474136346005, 0.473181803077781, 0.3697292141731289, 0.3047589593105118, 0.25570786583978605, 0.20878635617224114, 0.1726330464413855, 0.14056523497987863, 0.11429244804029529, 0.09315205115885303, 0.07851988737695602, 0.06438243644945443, 0.052863705217941856, 0.04344009638453262, 0.03524034269125728, 0.030350873244266607, 0.026897804977914105, 0.0252239536720264, 0.02126200743584715, 0.02067390296150272], "val_loss": [12.241491805485317, 11.8176995577131, 9.87466623714992, 7.249518329075404, 6.111090940066746, 5.323997094631195, 4.905133367265973, 4.641765958581652, 4.362953731332507, 4.22726156779698, 3.986926075731005, 3.8569574718815938, 3.7535871504034315, 3.649792490856988, 3.5916835023675646, 3.541862232685089, 3.3912129158633095, 3.382763216154916, 3.3411036929062434, 3.2475409257411956, 3.223212988121169, 3.1626216925893513, 3.105505696109363, 3.094767506974084, 3.076170477781977, 3.067753478884697, 3.0345490874562944, 3.022946219955172, 3.0232234374114446, 3.0214031185422625], "epochs": [1, 2, 3, 4, 5, 6, 7, 8, 9, 10, 11, 12, 13, 14, 15, 16, 17, 18, 19, 20, 21, 22, 23, 24, 25, 26, 27, 28, 29, 30], "lr": [0.0001, 9.972883382072954e-05, 9.891830623632339e-05, 9.757729755661011e-05, 9.572050015330873e-05, 9.336825748732972e-05, 9.05463412215599e-05, 8.728566886113101e-05, 8.362196501476347e-05, 7.959536998847741e-05, 7.524999999999999e-05, 7.06334638322521e-05, 6.579634122155988e-05, 6.079162869547907e-05, 5.567415893174884e-05, 5.05e-05, 4.532584106825115e-05, 4.0208371304520894e-05, 3.520365877844009e-05, 3.036653616774789e-05, 2.5750000000000002e-05, 2.140463001152258e-05, 1.737803498523653e-05, 1.3714331138868993e-05, 1.0453658778440105e-05, 7.631742512670283e-06, 5.2794998466912506e-06, 3.4227024433898994e-06, 2.0816937636766182e-06, 1.2711661792704665e-06]}