{"train_loss": [11.907610579097971, 11.34331958073528, 9.478284171649388, 5.850992637872696, 3.149879793775808, 1.901288373060055, 1.2672128081846075, 0.9102348600099442, 0.6844374680707717, 0.5404641224184864, 0.42982756947832446, 0.35378820464717414, 0.2823959902296735, 0.2310049395602267, 0.1847932016295518, 0.1575871332343609, 0.13229570660770465, 0.10579373589897834, 0.08791590547218466, 0.07058886777144414, 0.05880547690600501, 0.04753622353811134, 0.03843841049700345, 0.03185061821070825, 0.026800834104622237, 0.023563969435787587, 0.01995429291762607, 0.016907484384809775, 0.01622815585062749, 0.0160709903301745], "val_loss": [11.404147590909686, 10.252632188796998, 7.4768031896863665, 6.043500693184989, 5.3106579293523515, 4.848950299876077, 4.428086308070592, 4.13875533921378, 3.9338180954115733, 3.853987395933696, 3.672914603778294, 3.608792165688106, 3.544318091699055, 3.4011830971922192, 3.3772081370013103, 3.2512804187195643, 3.2185915863513945, 3.1648433455399103, 3.1165877498899186, 3.043848949074745, 3.0053521273817334, 2.972549404501915, 2.9345917009455817, 2.8943684761013304, 2.859298480067934, 2.831430755342756, 2.823279436486108, 2.8072442187581745, 2.8097425579173225, 2.796583307896342], "epochs": [1, 2, 3, 4, 5, 6, 7, 8, 9, 10, 11, 12, 13, 14, 15, 16, 17, 18, 19, 20, 21, 22, 23, 24, 25, 26, 27, 28, 29, 30], "lr": [0.0001, 9.972883382072954e-05, 9.891830623632339e-05, 9.757729755661011e-05, 9.572050015330873e-05, 9.336825748732972e-05, 9.05463412215599e-05, 8.728566886113101e-05, 8.362196501476347e-05, 7.959536998847741e-05, 7.524999999999999e-05, 7.06334638322521e-05, 6.579634122155988e-05, 6.079162869547907e-05, 5.567415893174884e-05, 5.05e-05, 4.532584106825115e-05, 4.0208371304520894e-05, 3.520365877844009e-05, 3.036653616774789e-05, 2.5750000000000002e-05, 2.140463001152258e-05, 1.737803498523653e-05, 1.3714331138868993e-05, 1.0453658778440105e-05, 7.631742512670283e-06, 5.2794998466912506e-06, 3.4227024433898994e-06, 2.0816937636766182e-06, 1.2711661792704665e-06]}