{"train_loss": [21.296276763069017, 20.375973585175306, 18.18234564377742, 14.93077185737475, 11.61547942398174, 8.940109205707168, 7.038764981936767, 5.6932991068587775, 4.683884539932038, 3.8949014764495313, 3.2865687712049465, 2.7972208201929085, 2.4151721241671664, 2.0831650516615134, 1.813447870016474, 1.6054839788582818, 1.4059472605178744, 1.2476325271145148, 1.1014379764898445, 0.9821740526336271, 0.8826827015007139, 0.7883695925611773, 0.7121178342798635, 0.6383191844099103, 0.5758107094590759, 0.5323796240586233, 0.4873966498674842, 0.44932314266487516, 0.40983250326437043, 0.3826197055101871, 0.3538143992615132, 0.321422193074071, 0.3103612681570376, 0.28554612431045434, 0.2767086363670904, 0.2541395405258849, 0.25548847121499085, 0.24178384466267513, 0.24306454044540354, 0.23831455146657307], "val_loss": [20.616845133645192, 18.680172061920167, 15.920543994903564, 14.493291357585361, 13.610128483091081, 12.851177981240408, 12.146460304260254, 11.581299066543579, 11.065217325346811, 10.544574356760297, 10.130457602228438, 9.815119866643633, 9.4748964037214, 9.23572629043034, 9.044573192596436, 8.801616845812116, 8.637504837853568, 8.471782480648585, 8.356334763254438, 8.219252438545228, 8.074638516562326, 7.941162101881845, 7.844173923219953, 7.7752491072246, 7.689223289830344, 7.571266385827745, 7.546776925495693, 7.413442725794656, 7.399057340281351, 7.349617875984737, 7.314046897888184, 7.276333504063743, 7.232843001910618, 7.218961732046945, 7.17724711894989, 7.15815949337823, 7.154389474391937, 7.134932679789407, 7.144925001348768, 7.1191482782363895], "epochs": [1, 2, 3, 4, 5, 6, 7, 8, 9, 10, 11, 12, 13, 14, 15, 16, 17, 18, 19, 20, 21, 22, 23, 24, 25, 26, 27, 28, 29, 30, 31, 32, 33, 34, 35, 36, 37, 38, 39, 40], "lr": [5e-05, 4.992370400989492e-05, 4.969528642972966e-05, 4.931615552984249e-05, 4.878864877830505e-05, 4.811601842965434e-05, 4.73024114736621e-05, 4.6352844067763776e-05, 4.5273170610779944e-05, 4.407004764860076e-05, 4.275089283436704e-05, 4.1323839196172044e-05, 3.9797684994238705e-05, 3.8181839476719725e-05, 3.6486264868553776e-05, 3.472141495103597e-05, 3.289817061077995e-05, 3.102777275543366e-05, 2.912175300974571e-05, 2.719186261926416e-05, 2.5249999999999997e-05, 2.3308137380735837e-05, 2.137824699025429e-05, 1.947222724456634e-05, 1.760182938922005e-05, 1.5778585048964024e-05, 1.4013735131446215e-05, 1.2318160523280266e-05, 1.0702315005761291e-05, 9.176160803827956e-06, 7.749107165632948e-06, 6.429952351399233e-06, 5.226829389220052e-06, 4.147155932236217e-06, 3.197588526337896e-06, 2.3839815703456524e-06, 1.7113512216949497e-06, 1.183844470157505e-06, 8.047135702703428e-07, 5.762959901050829e-07]}