{"train_loss": [12.091318862850656, 11.540898345593158, 11.329092298580122, 11.081237849706335, 10.769976803823866, 10.41975309255254, 10.041301027531363, 9.68190070204594, 9.388113483195566, 9.135971762459992, 8.919366349852035, 8.759534935408, 8.667831682655882, 8.607124309700753, 8.57465110187289], "val_loss": [11.488408692223684, 11.274903396878925, 10.965156203678676, 10.613624758039203, 10.182880014692033, 9.749061446871076, 9.428324147633143, 9.119423008646283, 8.934287024225508, 8.77676032611302, 8.668181112834386, 8.636170300074985, 8.596719120570592, 8.586925814492362, 8.555953497205461], "epochs": [1, 2, 3, 4, 5, 6, 7, 8, 9, 10, 11, 12, 13, 14, 15], "lr": [0.0001, 9.891830623632339e-05, 9.572050015330874e-05, 9.05463412215599e-05, 8.362196501476348e-05, 7.525e-05, 6.57963412215599e-05, 5.567415893174885e-05, 4.532584106825116e-05, 3.5203658778440106e-05, 2.5750000000000013e-05, 1.7378034985236535e-05, 1.0453658778440107e-05, 5.279499846691251e-06, 2.0816937636766186e-06]}