{"train_loss": [NaN, NaN, NaN, NaN, NaN, NaN, NaN, NaN, NaN, NaN], "val_loss": [NaN, NaN, NaN, NaN, NaN, NaN, NaN, NaN, NaN, NaN], "epochs": [1, 2, 3, 4, 5, 6, 7, 8, 9, 10], "lr": [0.0001, 9.972883382072954e-05, 9.891830623632339e-05, 9.757729755661011e-05, 9.572050015330873e-05, 9.336825748732972e-05, 9.05463412215599e-05, 8.728566886113101e-05, 8.362196501476347e-05, 7.959536998847741e-05]}