{"train_loss": [12.20787739743676, 11.52338293680801, 11.294978811727814, 11.047699950387395, 10.742125455307347, 10.411489421789826, 10.05722874646643, 9.740919013089687, 9.457801997284824, 9.248308754047661, 9.068204457780956, 8.909084892554269, 8.822121193978639, 8.760706802284572, 8.735759905707821], "val_loss": [11.555171127319335, 11.27630673953465, 10.989049117224557, 10.62720551082066, 10.193977440425328, 9.8486439541408, 9.529003031594412, 9.278662595067706, 9.096555413518633, 8.989435193198068, 8.893560041018894, 8.84799677985055, 8.823345537185668, 8.785006210463388, 8.801509255000523], "epochs": [1, 2, 3, 4, 5, 6, 7, 8, 9, 10, 11, 12, 13, 14, 15], "lr": [0.0001, 9.891830623632339e-05, 9.572050015330874e-05, 9.05463412215599e-05, 8.362196501476348e-05, 7.525e-05, 6.57963412215599e-05, 5.567415893174885e-05, 4.532584106825116e-05, 3.5203658778440106e-05, 2.5750000000000013e-05, 1.7378034985236535e-05, 1.0453658778440107e-05, 5.279499846691251e-06, 2.0816937636766186e-06]}