{"train_loss": [28.77720186507832, 28.03059539923255, 25.875115165999198, 21.911834751286356, 17.25052644466532, 13.330295946740423, 10.507958063565953, 8.561902510909297, 7.066328299431564, 5.923793978055452, 5.032140065514059, 4.29771069188495, 3.72155148171584, 3.2478087801859097, 2.834096040291582, 2.4840880407943158, 2.1882171388543186, 1.9576304032975655, 1.7237348749519297, 1.5381897413653547, 1.3748545423776688, 1.2329824251585693, 1.1118620957135903, 0.9946282147950766, 0.8979472258606811, 0.8077718330511182, 0.7468623451738171, 0.695557608627115, 0.6340534884586015, 0.5947097403438303, 0.5689890733594976, 0.541629125034363, 0.5198805513952313, 0.5099691597649262, 0.4926238228340576], "val_loss": [28.25985516684396, 26.45587393079485, 23.255602332523893, 21.263388045174736, 19.965706525530134, 18.780687960215978, 17.815298918315342, 16.891957932880945, 16.195468258176533, 15.605256750924246, 15.048340978622436, 14.628113990511213, 14.250384766714914, 13.927755937576293, 13.662860988889422, 13.410746337345667, 13.135710228511265, 12.946071593420847, 12.652390772274563, 12.484701106888908, 12.30887201309204, 12.207062297548566, 12.034511870656695, 11.863936375209263, 11.743914796284267, 11.66536687374115, 11.546531626156398, 11.442269159044539, 11.377338700294494, 11.295869590895517, 11.283805287224906, 11.22449637072427, 11.200127635002136, 11.209477366038731, 11.200708559581212], "epochs": [1, 2, 3, 4, 5, 6, 7, 8, 9, 10, 11, 12, 13, 14, 15, 16, 17, 18, 19, 20, 21, 22, 23, 24, 25, 26, 27, 28, 29, 30, 31, 32, 33, 34, 35], "lr": [0.0001, 9.980072755276435e-05, 9.920451463563217e-05, 9.821616160444475e-05, 9.6843626096667e-05, 9.509795896116976e-05, 9.299321528329238e-05, 9.05463412215599e-05, 8.777703756717875e-05, 8.470760112484981e-05, 8.136274519200731e-05, 7.776940058187908e-05, 7.395649879241344e-05, 6.995473906686923e-05, 6.57963412215599e-05, 6.151478623083756e-05, 5.7144546657973954e-05, 5.27208091023505e-05, 4.827919089764952e-05, 4.385545334202606e-05, 3.9485213769162445e-05, 3.520365877844011e-05, 3.10452609331308e-05, 2.7043501207586575e-05, 2.3230599418120936e-05, 1.9637254807992697e-05, 1.6292398875150204e-05, 1.3222962432821266e-05, 1.0453658778440109e-05, 8.006784716707628e-06, 5.902041038830258e-06, 4.156373903333008e-06, 2.7838383955552644e-06, 1.7954853643678313e-06, 1.199272447235666e-06]}