{"train_loss": [11.865432081897987, 11.542535119072785, 11.40118862615669, 11.181866614452703, 10.73998976959949, 9.868768473499742, 8.413585078706227, 6.47428509992552, 4.635069851243702, 3.321074505840722, 2.457196038091103, 1.8863248884246777, 1.4761668219728534, 1.174860910605168, 0.9448844888942999], "val_loss": [11.526222326484556, 11.31079839416024, 11.06240934572363, 10.640260575071585, 9.815776964696157, 8.812123970443475, 7.864080959426411, 7.048697996855293, 6.4545434349515425, 6.010115617509396, 5.597017659725164, 5.320345590930908, 5.026092382990692, 4.795819300596334, 4.598782661900169], "epochs": [1, 2, 3, 4, 5, 6, 7, 8, 9, 10, 11, 12, 13, 14, 15], "lr": [0.0001, 9.972883382072954e-05, 9.891830623632339e-05, 9.757729755661011e-05, 9.572050015330873e-05, 9.336825748732972e-05, 9.05463412215599e-05, 8.728566886113101e-05, 8.362196501476347e-05, 7.959536998847741e-05, 7.524999999999999e-05, 7.06334638322521e-05, 6.579634122155988e-05, 6.079162869547907e-05, 5.567415893174884e-05]}