{"train_loss": [12.30299408452588, 11.678156633417315, 11.543303067707647, 11.43586887367667, 11.309184030272622, 11.165075154981867, 10.991069412231445, 10.793618266458417, 10.552447398570687, 10.278355359293405, 10.001664776003981, 9.674316684170279, 9.37744943535613, 9.089430233463121, 8.81953641996102], "val_loss": [11.634508703503121, 11.465358623016554, 11.337178399342992, 11.210710153995539, 11.019974704467032, 10.838637136577963, 10.594992531291751, 10.338734160498946, 10.05764967718663, 9.76153909282398, 9.455689606792676, 9.255205290073834, 9.007893121949769, 8.819435546362374, 8.696419203596681], "epochs": [1, 2, 3, 4, 5, 6, 7, 8, 9, 10, 11, 12, 13, 14, 15], "lr": [0.0001, 0.0001, 0.0001, 0.0001, 0.0001, 0.0001, 0.0001, 0.0001, 0.0001, 0.0001, 0.0001, 0.0001, 0.0001, 0.0001, 0.0001]}