{"train_loss": [33.603030009147446], "val_loss": [9.744720363616944], "epochs": [1], "lr": [0.0001]}