{"train_loss": [12.101104007284567, 11.557465602799073, 11.339727968141066, 11.088754971151163, 10.771789391365873, 10.351766960487028, 9.882460337743924, 9.387837992483375, 8.949502018243766, 8.53817948252403, 8.155360589001239, 7.816693566830765, 7.503609618238881, 7.216125023219091, 6.933450994032654], "val_loss": [11.52113879748753, 11.284580067225866, 10.961016521453857, 10.591241471426828, 10.133359398160662, 9.60557095663888, 9.151009143420628, 8.719186607769558, 8.408190570558821, 8.164760942459106, 7.9819053370612005, 7.806372911589486, 7.674462232589722, 7.547754396029881, 7.385390129770552], "epochs": [1, 2, 3, 4, 5, 6, 7, 8, 9, 10, 11, 12, 13, 14, 15], "lr": [0.0001, 0.0001, 0.0001, 0.0001, 0.0001, 0.0001, 0.0001, 0.0001, 0.0001, 0.0001, 0.0001, 0.0001, 0.0001, 0.0001, 0.0001]}