{"train_loss": [12.066836879865543, 11.530022269567928, 11.34366012626403, 11.100921370290422, 10.782583786829099, 10.353963251049453, 9.895361534848407, 9.443066261306003, 8.994090568777677, 8.609740241355187, 8.232354760572717, 7.925475121349902, 7.5996165223218295, 7.321460125514784, 7.059446216334362], "val_loss": [11.391937714985438, 11.185146359034947, 10.910486211776734, 10.557584950583323, 10.084706302370344, 9.539402285984584, 9.103907621928624, 8.729421351977757, 8.441202953202383, 8.22413106918335, 8.029654383659363, 7.879024433408465, 7.706452389444624, 7.588961059706552, 7.472508265631539], "epochs": [1, 2, 3, 4, 5, 6, 7, 8, 9, 10, 11, 12, 13, 14, 15], "lr": [0.0001, 0.0001, 0.0001, 0.0001, 0.0001, 0.0001, 0.0001, 0.0001, 0.0001, 0.0001, 0.0001, 0.0001, 0.0001, 0.0001, 0.0001]}