{"train_loss": [11.983668354831728, 11.510630468698935, 11.324199381137591, 11.085107876812376, 10.785437195608676, 10.41410408278963, 9.992313899283308, 9.586132217773361, 9.243671907923945, 8.950802596185966, 8.72435005196419, 8.55023383341496, 8.433788640653177, 8.345227452785787, 8.29660006910343], "val_loss": [11.486641266927112, 11.305431343471263, 11.017206560807027, 10.716764212165925, 10.278326492636777, 9.864284310535162, 9.490082572748868, 9.168243958662032, 8.989837970965414, 8.868689495124844, 8.747794521119102, 8.687816481832268, 8.641051431482737, 8.609721363400288, 8.589443954934044], "epochs": [1, 2, 3, 4, 5, 6, 7, 8, 9, 10, 11, 12, 13, 14, 15], "lr": [0.0001, 9.891830623632339e-05, 9.572050015330874e-05, 9.05463412215599e-05, 8.362196501476348e-05, 7.525e-05, 6.57963412215599e-05, 5.567415893174885e-05, 4.532584106825116e-05, 3.5203658778440106e-05, 2.5750000000000013e-05, 1.7378034985236535e-05, 1.0453658778440107e-05, 5.279499846691251e-06, 2.0816937636766186e-06]}