{"train_loss": [11.963515393696772, 11.494850499978904, 11.31239685354631, 11.075846620472811, 10.765369442936139, 10.368969275849825, 9.943689220115536, 9.51098714695355, 9.140815540588843, 8.832928725759071, 8.602107152713597, 8.412661132054307, 8.272454969845759, 8.214418827054471, 8.167134058772135], "val_loss": [11.503197384357794, 11.305360968578194, 11.028423558140414, 10.67399930851727, 10.271104698781032, 9.823845085542146, 9.417153500931189, 9.102496660122112, 8.884587925617144, 8.732534269506033, 8.646900471488948, 8.59049671423955, 8.537683821303919, 8.534679532817979, 8.49553161659268], "epochs": [1, 2, 3, 4, 5, 6, 7, 8, 9, 10, 11, 12, 13, 14, 15], "lr": [0.0001, 9.891830623632339e-05, 9.572050015330874e-05, 9.05463412215599e-05, 8.362196501476348e-05, 7.525e-05, 6.57963412215599e-05, 5.567415893174885e-05, 4.532584106825116e-05, 3.5203658778440106e-05, 2.5750000000000013e-05, 1.7378034985236535e-05, 1.0453658778440107e-05, 5.279499846691251e-06, 2.0816937636766186e-06]}