{"train_loss": [12.203387427571657, 11.546480179235742, 11.323005404826757, 11.072062928128886, 10.785285928764859, 10.458202672769895, 10.14500883523677, 9.828403222198421, 9.566465295649863, 9.343094162038854, 9.172450641119802, 9.033487530374849, 8.939904149118307, 8.888342946163705, 8.843905836947867], "val_loss": [11.495926667622157, 11.244211428506034, 10.967627895900181, 10.619893771580287, 10.24670787538801, 9.870238859994071, 9.57945988518851, 9.335567167145864, 9.124005567005703, 9.012176621300833, 8.903173323358809, 8.886266066687448, 8.813471601349967, 8.798414452416557, 8.803903798375812], "epochs": [1, 2, 3, 4, 5, 6, 7, 8, 9, 10, 11, 12, 13, 14, 15], "lr": [0.0001, 9.891830623632339e-05, 9.572050015330874e-05, 9.05463412215599e-05, 8.362196501476348e-05, 7.525e-05, 6.57963412215599e-05, 5.567415893174885e-05, 4.532584106825116e-05, 3.5203658778440106e-05, 2.5750000000000013e-05, 1.7378034985236535e-05, 1.0453658778440107e-05, 5.279499846691251e-06, 2.0816937636766186e-06]}