{
    "BAKS": 0.08475378787878787,
    "BAUS": 0.6319824753559693,
    "geometric_mean": 0.23143661909782365,
    "threshold": 0.37755102040816324,
    "backbone": "eca_nfnet_l0",
    "evaluation_time": "2025-04-09 22:02:48"
}