{"train_loss": [12.233068264490116, 11.728140715366402, 11.53347710887783, 11.283712125671189, 10.951087176336364, 10.543335192692984, 10.070227716669963, 9.598993220833275, 9.154512808888517, 8.72483608616979, 8.338629166552389, 7.985823630735538, 7.672041939797334, 7.361351892010808, 7.082849338190424], "val_loss": [11.75521818955853, 11.536375647702329, 11.25578710775532, 10.88227691950331, 10.414228761767045, 9.900481388004785, 9.423012500323935, 9.098159688468316, 8.786108559587328, 8.596530896242045, 8.371864873737502, 8.205930757215826, 8.069088087497736, 7.912224960463485, 7.805285525373087], "epochs": [1, 2, 3, 4, 5, 6, 7, 8, 9, 10, 11, 12, 13, 14, 15], "lr": [0.0001, 0.0001, 0.0001, 0.0001, 0.0001, 0.0001, 0.0001, 0.0001, 0.0001, 0.0001, 0.0001, 0.0001, 0.0001, 0.0001, 0.0001]}