{"train_loss": [12.09703075002741, 11.546221582576482, 11.335911279575592, 11.076644895052668, 10.748062007354967, 10.368992561643774, 9.993983105176225, 9.631416794426915, 9.325114193789485, 9.062426103285267, 8.870352920056995, 8.727068127205074, 8.615559007382954, 8.56186119253788, 8.52529178424315], "val_loss": [11.46095664705549, 11.248350745609828, 10.987246706826346, 10.625505496433803, 10.202993907928466, 9.772830790110996, 9.414551483563015, 9.140844311032977, 8.92807771887098, 8.808562985828944, 8.682920554706028, 8.656670671190534, 8.600841809681484, 8.561119941983904, 8.581209065573557], "epochs": [1, 2, 3, 4, 5, 6, 7, 8, 9, 10, 11, 12, 13, 14, 15], "lr": [0.0001, 9.891830623632339e-05, 9.572050015330874e-05, 9.05463412215599e-05, 8.362196501476348e-05, 7.525e-05, 6.57963412215599e-05, 5.567415893174885e-05, 4.532584106825116e-05, 3.5203658778440106e-05, 2.5750000000000013e-05, 1.7378034985236535e-05, 1.0453658778440107e-05, 5.279499846691251e-06, 2.0816937636766186e-06]}