{"train_loss": [12.143613386447914, 10.889508309772884, 8.913880397607214, 7.147560535693137, 5.914823823818992, 5.067637316288733, 4.39831632055274, 3.9112950772942727, 3.5234797751367237, 3.205223092653201, 2.9265477313954418, 2.7062207707828922, 2.5206474095571836, 2.3261159698626477, 2.1838032210178624, 2.048330845504259, 1.932797318253863, 1.812811413676587, 1.7321563985567996, 1.6351913922404273, 1.5610285158751893, 1.4872778006153908, 1.4148033276159961, 1.3578185778718308, 1.297723068424725], "val_loss": [11.217148383401648, 9.155798347955775, 7.829400977379429, 7.18242089283134, 6.707092849760076, 6.360614303693846, 6.032040903106427, 5.792077767499606, 5.57501441193445, 5.424585824016165, 5.273268638976222, 5.173280716453645, 5.070774527342512, 4.933844182557767, 4.877312248225208, 4.7962393202553315, 4.745328342258461, 4.66362494012984, 4.6086434254567905, 4.543852544921564, 4.518641954835097, 4.421771378241069, 4.405212400469122, 4.370760508398229, 4.322484015907195], "epochs": [1, 2, 3, 4, 5, 6, 7, 8, 9, 10, 11, 12, 13, 14, 15, 16, 17, 18, 19, 20, 21, 22, 23, 24, 25], "lr": [0.0001, 0.0001, 0.0001, 0.0001, 0.0001, 0.0001, 0.0001, 0.0001, 0.0001, 0.0001, 0.0001, 0.0001, 0.0001, 0.0001, 0.0001, 0.0001, 0.0001, 0.0001, 0.0001, 0.0001, 0.0001, 0.0001, 0.0001, 0.0001, 0.0001]}