{"train_loss": [12.066264963490765, 11.518896658112894, 11.32817816924728, 11.090621462786283, 10.776515769878321, 10.376292543583629, 9.907992970898352, 9.429575926318496, 8.989402635902254, 8.605711603826112, 8.215084579422875, 7.864412056592995, 7.560523869761803, 7.249148887363288, 6.987911220256297], "val_loss": [11.440679834910801, 11.234502608435495, 10.985653144291469, 10.632262150900704, 10.179839916229248, 9.657123033659799, 9.21134113924844, 8.856738885470799, 8.574347423144749, 8.301315674100604, 8.071669744764055, 7.911388751438686, 7.779702550343105, 7.615812161990575, 7.515955813271659], "epochs": [1, 2, 3, 4, 5, 6, 7, 8, 9, 10, 11, 12, 13, 14, 15], "lr": [0.0001, 0.0001, 0.0001, 0.0001, 0.0001, 0.0001, 0.0001, 0.0001, 0.0001, 0.0001, 0.0001, 0.0001, 0.0001, 0.0001, 0.0001]}