{"train_loss": [12.05228290365362, 10.720386388825208, 7.3004559903108746, 3.839912587349108, 2.2758795538802823, 1.582581545321053, 1.203323744068234, 0.9464011984815409, 0.7874539375016928, 0.6529557363868788, 0.5801372203734665, 0.4950446331900168, 0.45959970786152415, 0.4001016073599395, 0.36551469426501865, 0.3177727085308707, 0.31078144920327216, 0.26765482625285675, 0.25740494206626063, 0.24194551501626774, 0.21779791509013552, 0.2091511456684356, 0.19322319287192657, 0.18996614739424145, 0.1698084689940728, 0.15191323482537214, 0.15506027466825095, 0.148282336080533, 0.1385593682721796, 0.07482448921437454], "val_loss": [11.304940607888359, 8.986736367089408, 7.4727523871830535, 6.534957075119019, 6.0673325170789445, 5.722788099561419, 5.441921099935259, 5.29004976953779, 5.376702339308602, 5.176568718637739, 5.100522272927421, 5.132333472796849, 5.042612128257751, 5.0851515013831, 4.950192959649223, 4.992680154527936, 4.883173835618155, 4.862973972048079, 4.840215644836426, 4.867946554592677, 4.833266096115112, 4.786984824453081, 4.7292234829493935, 4.743449307169233, 4.761617924145289, 4.6744764116832185, 4.7475049679619925, 4.700742568288531, 4.718687295913696, 4.384808998789106], "epochs": [1, 2, 3, 4, 5, 6, 7, 8, 9, 10, 11, 12, 13, 14, 15, 16, 17, 18, 19, 20, 21, 22, 23, 24, 25, 26, 27, 28, 29, 30]}