{
    "BAKS": 0.10327340914044357,
    "BAUS": 0.5244224158605804,
    "geometric_mean": 0.2327206280405533,
    "threshold": 0.29591836734693877,
    "backbone": "eca_nfnet_l1",
    "evaluation_time": "2025-04-12 05:02:15"
}