{
    "BAKS": 0.10014204545454546,
    "BAUS": 0.5914567360350493,
    "geometric_mean": 0.24337150068243202,
    "threshold": 0.42653061224489797,
    "backbone": "eca_nfnet_l1",
    "evaluation_time": "2025-04-09 21:50:44"
}