{"train_loss": [11.625632051403603, 11.147782395395, 10.756317197606805, 10.012459299537573, 9.013106537401006, 7.94346370054095, 6.976573919446281, 6.199899622295679, 5.5797493902485025, 5.0645025227846725, 4.650726274158178, 4.292756485403253, 3.9865286465441243, 3.700554841421963, 3.472235522779186, 3.255392556378011, 3.057367548246062, 2.888635856047105, 2.7395559545313373, 2.61496546261766, 2.488309560331066, 2.3931897121868775, 2.2991952488261664, 2.239075693253721, 2.18626489364699, 2.1224411731020787, 2.078202020988036, 2.06168681209007, 2.0385191670629417, 2.023144995262114], "val_loss": [11.125338676997593, 10.7212671988351, 9.724987921033586, 8.712771008355277, 7.893886122022356, 7.336131466456822, 6.927206576211112, 6.6226238346099855, 6.411762228012085, 6.176364297866821, 5.99650409426008, 5.829361263002668, 5.711974528176444, 5.546672330583845, 5.445328967230661, 5.362620330538069, 5.251707391738892, 5.1878211259841915, 5.1233654900959555, 5.055794343267168, 5.005801512173244, 4.9497797427858625, 4.927521557126727, 4.903491231373378, 4.869155873571123, 4.865528712272644, 4.855805965832301, 4.841811699186053, 4.839598145484924, 4.830274378231594], "epochs": [1, 2, 3, 4, 5, 6, 7, 8, 9, 10, 11, 12, 13, 14, 15, 16, 17, 18, 19, 20, 21, 22, 23, 24, 25, 26, 27, 28, 29, 30], "lr": [0.0004, 0.00039891533528291814, 0.00039567322494529354, 0.00039030919022644043, 0.0003828820006132349, 0.0003734730299493189, 0.0003621853648862396, 0.00034914267544452403, 0.0003344878600590539, 0.00031838147995390964, 0.00030099999999999994, 0.0002825338553290084, 0.00026318536488623953, 0.00024316651478191627, 0.00022269663572699536, 0.000202, 0.0001813033642730046, 0.00016083348521808358, 0.00014081463511376037, 0.00012146614467099155, 0.00010300000000000001, 8.561852004609032e-05, 6.951213994094611e-05, 5.485732455547597e-05, 4.181463511376042e-05, 3.052697005068113e-05, 2.1117999386765002e-05, 1.3690809773559597e-05, 8.326775054706473e-06, 5.084664717081866e-06]}