{"train_loss": [13.910933430989584, 13.473170004414104, 13.157725230752165, 11.915708468835565, 8.993423454972762, 5.54451339908793, 3.382767383804553, 2.286104774864917, 1.6319800727407325, 1.1907328552908347, 0.9225744233087475, 0.7193322457337775, 0.5743467876332015, 0.4734635402045688, 0.3895703055219477, 0.3135865768241865, 0.2573408371474661, 0.21572127832548757, 0.18347407176639718, 0.14910492532610753, 0.12109510784173966, 0.10525889576064965, 0.08789647247441867, 0.0711941675597508, 0.06003928805102411, 0.05328703999482139, 0.04536991281323636, 0.04540662481181224, 0.03686742462680583, 0.035991693667076205], "val_loss": [13.575598887034825, 13.308658376421247, 12.288070190974643, 10.210573180743626, 8.390136978285653, 7.434929028919765, 6.69156097139631, 6.2006673126561305, 5.760892397676195, 5.44033240709986, 5.174732894897461, 5.001070239543915, 4.861784911496299, 4.724455461331776, 4.617238886611802, 4.471439193998064, 4.3597759483541765, 4.2915090219463625, 4.189109811697687, 4.122654630456652, 4.062467696751867, 3.994845310960497, 3.9448834214891706, 3.8931455784184594, 3.86494114450046, 3.8345761610780444, 3.8061074268817903, 3.7956147363356183, 3.7841927552223207, 3.7825806567498614], "epochs": [1, 2, 3, 4, 5, 6, 7, 8, 9, 10, 11, 12, 13, 14, 15, 16, 17, 18, 19, 20, 21, 22, 23, 24, 25, 26, 27, 28, 29, 30], "lr": [0.0001, 9.972883382072954e-05, 9.891830623632339e-05, 9.757729755661011e-05, 9.572050015330873e-05, 9.336825748732972e-05, 9.05463412215599e-05, 8.728566886113101e-05, 8.362196501476347e-05, 7.959536998847741e-05, 7.524999999999999e-05, 7.06334638322521e-05, 6.579634122155988e-05, 6.079162869547907e-05, 5.567415893174884e-05, 5.05e-05, 4.532584106825115e-05, 4.0208371304520894e-05, 3.520365877844009e-05, 3.036653616774789e-05, 2.5750000000000002e-05, 2.140463001152258e-05, 1.737803498523653e-05, 1.3714331138868993e-05, 1.0453658778440105e-05, 7.631742512670283e-06, 5.2794998466912506e-06, 3.4227024433898994e-06, 2.0816937636766182e-06, 1.2711661792704665e-06]}