{"train_loss": [12.194510764092596, 11.543971432378436, 11.313689380141316, 11.055046359949793, 10.741239990118338, 10.389204329461249, 10.042319920479017, 9.71511907903867, 9.438058868258322, 9.205981680245957, 9.03572155324326, 8.909372498125883, 8.800784795355787, 8.728794238312515, 8.707748169731781], "val_loss": [11.554977391106743, 11.268265164239066, 10.993437856946672, 10.6372275188991, 10.26492563520159, 9.893723927906581, 9.561462267466954, 9.303665490150452, 9.138968623025077, 8.99779541356223, 8.92854936327253, 8.84022940158844, 8.823027234077454, 8.801382546424867, 8.79191584450858], "epochs": [1, 2, 3, 4, 5, 6, 7, 8, 9, 10, 11, 12, 13, 14, 15], "lr": [0.0001, 9.891830623632339e-05, 9.572050015330874e-05, 9.05463412215599e-05, 8.362196501476348e-05, 7.525e-05, 6.57963412215599e-05, 5.567415893174885e-05, 4.532584106825116e-05, 3.5203658778440106e-05, 2.5750000000000013e-05, 1.7378034985236535e-05, 1.0453658778440107e-05, 5.279499846691251e-06, 2.0816937636766186e-06]}