{
    "BAKS": 0.08068181818181819,
    "BAUS": 0.7014755959137344,
    "geometric_mean": 0.23789982448184885,
    "threshold": 0.37755102040816324,
    "backbone": "resnet50",
    "evaluation_time": "2025-04-07 14:51:09"
}