{"train_loss": [12.607330392351926, 11.871203798723883, 11.669622836955085, 11.534081510001013, 11.397659881936507, 11.237882399049465, 11.03934780023587, 10.812570732096674, 10.555401462627163, 10.31916124337078, 10.05431870597107, 9.785199475011265, 9.521320558550835, 9.279586299600162, 9.00421397999784, 8.739255434303727, 8.482870552394111, 8.224280949697363, 7.967314681266639, 7.718175095031446, 7.474950539203096, 7.238666596956185, 7.013762406610933, 6.799506896347601, 6.596587835177974], "val_loss": [11.920912110013056, 11.623111172690402, 11.447953123293066, 11.27052990993148, 11.074031193142197, 10.785540469635206, 10.498794665415003, 10.19552290277706, 9.86743463082685, 9.553844215360346, 9.298810361708123, 9.04852729256107, 8.779328397719498, 8.555395147474941, 8.369821934635253, 8.21777906717787, 8.078714861539195, 7.922084804259512, 7.7804391416504695, 7.660195823053193, 7.502334623016401, 7.407275445636807, 7.331939908246469, 7.196619864103196, 7.10334158045978], "epochs": [1, 2, 3, 4, 5, 6, 7, 8, 9, 10, 11, 12, 13, 14, 15, 16, 17, 18, 19, 20, 21, 22, 23, 24, 25], "lr": [1e-05, 1e-05, 1e-05, 1e-05, 1e-05, 1e-05, 1e-05, 1e-05, 1e-05, 1e-05, 1e-05, 1e-05, 1e-05, 1e-05, 1e-05, 1e-05, 1e-05, 1e-05, 1e-05, 1e-05, 1e-05, 1e-05, 1e-05, 1e-05, 1e-05]}