{"train_loss": [11.890611130919233, 11.555763053814037, 11.27213271152253, 10.478631350018034, 8.813447550439195, 6.454650626986619, 4.3215456597644515, 3.0147149022481083, 2.213281587650687, 1.667716804354283, 1.2930878605013838, 1.026586969164294, 0.8077115814698448, 0.6546815755482507, 0.5342316519345576, 0.44234877018861146, 0.3680750500153353, 0.30707841092289345, 0.2584968488923221, 0.21799273246044884, 0.19004190593597325, 0.1585899792543625, 0.13972071328863733, 0.12036569770984196, 0.1038576022039352, 0.09489310278975047, 0.08534122299507062, 0.08106665833176961, 0.07502413980253415, 0.07260827225771257], "val_loss": [11.415266863959177, 11.196739356177194, 10.666715229579381, 9.438518335478646, 8.158594779287066, 7.117989301000323, 6.451118606839861, 5.820722221306392, 5.3209455163138255, 4.860204045091357, 4.555109255995069, 4.274497177941458, 4.0726269793510435, 3.8995084714889527, 3.763629516874041, 3.616320514849254, 3.538855173587799, 3.434320855481284, 3.3772087594441005, 3.299402611255646, 3.2551548283440725, 3.211892041989735, 3.1588333797454835, 3.1226623572622025, 3.1055550016675677, 3.065539878351348, 3.0527985777173723, 3.0517657661437987, 3.052614415373121, 3.0543355318478174], "epochs": [1, 2, 3, 4, 5, 6, 7, 8, 9, 10, 11, 12, 13, 14, 15, 16, 17, 18, 19, 20, 21, 22, 23, 24, 25, 26, 27, 28, 29, 30], "lr": [0.0001, 9.972883382072954e-05, 9.891830623632339e-05, 9.757729755661011e-05, 9.572050015330873e-05, 9.336825748732972e-05, 9.05463412215599e-05, 8.728566886113101e-05, 8.362196501476347e-05, 7.959536998847741e-05, 7.524999999999999e-05, 7.06334638322521e-05, 6.579634122155988e-05, 6.079162869547907e-05, 5.567415893174884e-05, 5.05e-05, 4.532584106825115e-05, 4.0208371304520894e-05, 3.520365877844009e-05, 3.036653616774789e-05, 2.5750000000000002e-05, 2.140463001152258e-05, 1.737803498523653e-05, 1.3714331138868993e-05, 1.0453658778440105e-05, 7.631742512670283e-06, 5.2794998466912506e-06, 3.4227024433898994e-06, 2.0816937636766182e-06, 1.2711661792704665e-06]}