{"train_loss": [12.043752865038421, 11.428593313116776, 11.156644858912419, 10.78766789165296, 10.151663829201146, 9.312863845222875, 8.588319056059184, 8.025852489872983, 7.583141641917981, 7.245698826338115, 6.982352935188695, 6.779231366609272, 6.653838504389713, 6.559256325872321, 6.530584092692325], "val_loss": [11.412121359961374, 11.14275704247611, 10.863138249261038, 10.49637808391026, 10.010028298241751, 9.720313562665666, 9.484102840423583, 9.31364614350455, 9.19889247553689, 9.054460616111756, 9.001019580023629, 8.970683529036386, 8.94426920073373, 8.900305234364101, 8.897436163084848], "epochs": [1, 2, 3, 4, 5, 6, 7, 8, 9, 10, 11, 12, 13, 14, 15], "lr": [0.0001, 9.891830623632339e-05, 9.572050015330874e-05, 9.05463412215599e-05, 8.362196501476348e-05, 7.525e-05, 6.57963412215599e-05, 5.567415893174885e-05, 4.532584106825116e-05, 3.5203658778440106e-05, 2.5750000000000013e-05, 1.7378034985236535e-05, 1.0453658778440107e-05, 5.279499846691251e-06, 2.0816937636766186e-06]}