{"train_loss": [33.28999631832807], "val_loss": [9.478438472747802], "epochs": [1], "lr": [0.0001]}