{"train_loss": [12.155462522482651, 11.567757091169302, 11.333717568367845, 11.083058323150327, 10.761564103568473, 10.355367705840038, 9.885094134119802, 9.398842502983806, 8.945269597489057, 8.524134045994712, 8.148687854346555, 7.771462890658688, 7.452411432242173, 7.134482193735089, 6.8605064972796495], "val_loss": [11.533944911956787, 11.246739450182234, 10.953590408052717, 10.576842779432024, 10.139519041606357, 9.643183957508633, 9.213748787471227, 8.846514090810503, 8.52503497668675, 8.283489488874164, 8.095695511272975, 7.901260583741324, 7.7057830544880455, 7.581274915422712, 7.429757242202759], "epochs": [1, 2, 3, 4, 5, 6, 7, 8, 9, 10, 11, 12, 13, 14, 15], "lr": [0.0001, 0.0001, 0.0001, 0.0001, 0.0001, 0.0001, 0.0001, 0.0001, 0.0001, 0.0001, 0.0001, 0.0001, 0.0001, 0.0001, 0.0001]}