{"train_loss": [12.070568076689236, 11.310258867764714, 10.127546433246497, 7.741903414629927, 5.387736652033899, 3.8533966765058563, 2.881628698572165, 2.2652586690504544, 1.822952698351759, 1.4918472696384195, 1.281449334940525, 1.060933723634968, 0.9113773387740758, 0.8089689498936589, 0.7096396151440915, 0.6295126162419215, 0.568729720464108, 0.493118895449823, 0.45686761926395525, 0.4132516092467137, 0.3762378650309788, 0.3519453861286569, 0.31921843513579856, 0.29910599706954755, 0.2735045993926399, 0.2620057089360876, 0.23447982426372166, 0.13655594525496578, 0.0999241147516844, 0.08841177097228528], "val_loss": [11.441518805367606, 10.733853195735387, 9.877950466700963, 8.91263457434518, 8.174191620690483, 7.604562871115548, 7.322282201222011, 6.984051630837577, 6.753318872451782, 6.631017678124564, 6.493676231929234, 6.331538707188198, 6.260231176103864, 6.230760974884033, 6.099665806634086, 6.072605889184135, 6.028353944505964, 5.939109258651733, 5.947924562181745, 5.887867582866123, 5.863818650926863, 5.853799333572388, 5.885202406474522, 5.786782563073294, 5.806518605096, 5.878915636880057, 5.8091305759974885, 5.488264217376709, 5.423391727719988, 5.393729982376098], "epochs": [1, 2, 3, 4, 5, 6, 7, 8, 9, 10, 11, 12, 13, 14, 15, 16, 17, 18, 19, 20, 21, 22, 23, 24, 25, 26, 27, 28, 29, 30]}