{"train_loss": [14.362117128870741, 13.616918953031956, 13.403992310342257, 13.169930131600237, 12.872221388664052, 12.453869240682, 11.955996608251665, 11.343241209123429, 10.800271334977817, 10.240565819442775, 9.77817114207636, 9.364581617094816, 9.01463595289002, 8.669355705254798, 8.389197706573126, 8.165814286339746, 7.914822446556156, 7.713179422671236, 7.5457561920706375, 7.394558419264589, 7.255787709511151, 7.141252844972916, 7.070113030895214, 6.961928963460166, 6.897196598438951, 6.867474664524072], "val_loss": [13.643643232073103, 13.404032156808036, 13.150652825491768, 12.823138182503836, 12.396332887922014, 11.87903294154576, 11.3196155330113, 10.828540180751256, 10.516882073538644, 10.128320781162808, 9.952915491376604, 9.725707844325475, 9.532348098754882, 9.390864775521415, 9.255851772853307, 9.13762875693185, 9.043778915405273, 8.94484275817871, 8.887127685546876, 8.828924576895577, 8.761788400922503, 8.732260832105364, 8.680742808750697, 8.644937678745814, 8.6150394821167, 8.629979719434466], "epochs": [1, 2, 3, 4, 5, 6, 7, 8, 9, 10, 11, 12, 13, 14, 15, 16, 17, 18, 19, 20, 21, 22, 23, 24, 25, 26], "lr": [0.0003, 0.00029918650146218856, 0.0002967549187089701, 0.00029273189266983027, 0.00028716150045992613, 0.0002801047724619891, 0.00027163902366467965, 0.000261857006583393, 0.00025086589504429044, 0.00023878610996543221, 0.00022574999999999996, 0.00021190039149675632, 0.00019738902366467966, 0.0001823748860864372, 0.00016702247679524653, 0.0001515, 0.00013597752320475344, 0.0001206251139135627, 0.00010561097633532029, 9.109960850324367e-05, 7.725000000000002e-05, 6.421389003456775e-05, 5.2134104955709596e-05, 4.1142993416606985e-05, 3.136097633532032e-05, 2.2895227538010853e-05]}