{"train_loss": [11.91243639215339, 10.547199328576882, 8.278230582942909, 6.398021497003825, 5.15740007010434, 4.310189397341744, 3.6948811303074947, 3.24151548410934, 2.8751412722415406, 2.586551341829844, 2.348556272575407, 2.1421278131493238, 1.9774990233795682, 1.8295467148591582, 1.6934170070105172, 1.5894404673999414, 1.4715419340812512, 1.398985565958372, 1.3123490199070316, 1.2243162691760443, 1.1757080804236004, 1.1118475122682199, 1.0562448557706723, 1.0074324583925718, 0.9529121440499881], "val_loss": [10.885135648589717, 8.748019131189418, 7.527163803449608, 6.785681868213002, 6.274108605865413, 5.911020121461924, 5.651887347478369, 5.437295783494863, 5.267833770727412, 5.121762144386641, 4.96740492136671, 4.850843893109772, 4.783763169219785, 4.676491958145758, 4.599848718622738, 4.504554160796718, 4.467754280124075, 4.413180452572439, 4.39032625299935, 4.326051352363216, 4.274964506239274, 4.206590171325539, 4.154490304896455, 4.109052236545418, 4.076085585155514], "epochs": [1, 2, 3, 4, 5, 6, 7, 8, 9, 10, 11, 12, 13, 14, 15, 16, 17, 18, 19, 20, 21, 22, 23, 24, 25], "lr": [0.0001, 0.0001, 0.0001, 0.0001, 0.0001, 0.0001, 0.0001, 0.0001, 0.0001, 0.0001, 0.0001, 0.0001, 0.0001, 0.0001, 0.0001, 0.0001, 0.0001, 0.0001, 0.0001, 0.0001, 0.0001, 0.0001, 0.0001, 0.0001, 0.0001]}