{"train_loss": [0.14987843708713589, 0.13511537022418096, 0.12686392317829948, 0.1211356853850578, 0.11451555210048038, 0.11087797540739963, 0.10792154359895932, 0.1026796702856296, 0.09894879482725734, 0.09488885905279924, 0.09061688329004927, 0.08990939496045834, 0.08409952202753017, 0.08356654018712671, 0.07352980227454713, 0.07303936862180892, 0.06816044884371131, 0.06626323364008414, 0.06413278418642125, 0.05797662364887564, 0.055068064168095586, 0.0555071718922179, 0.048520313215491016, 0.04766871795764095, 0.04776956437449706, 0.04506951032226023, 0.041728223099814436, 0.04111303445775258, 0.04289400761927429, 0.041102671332069136], "val_loss": [0.027132297461586338, 0.026296533878360475, 0.02570274355156081, 0.02418372838624886, 0.024479721263051032, 0.024571807474962303, 0.02321062265762261, 0.024590531853692872, 0.02215820878211941, 0.02367247250995466, 0.022458019586546082, 0.02096572547618832, 0.022677696576075896, 0.020969592104000706, 0.022512853209461486, 0.02038007347711495, 0.021021091512271335, 0.019462389679891723, 0.021199498187218394, 0.020652578920125963, 0.02138934887945652, 0.019948009476065634, 0.019375169021742685, 0.01977702269596713, 0.019670647702046802, 0.01841159360749381, 0.018859522385256632, 0.019392210713454656, 0.01850236013531685, 0.017780808614833013], "epochs": [1, 2, 3, 4, 5, 6, 7, 8, 9, 10, 11, 12, 13, 14, 15, 16, 17, 18, 19, 20, 21, 22, 23, 24, 25, 26, 27, 28, 29, 30], "lr": [0.0001, 9.972883382072954e-05, 9.891830623632339e-05, 9.757729755661011e-05, 9.572050015330873e-05, 9.336825748732972e-05, 9.05463412215599e-05, 8.728566886113101e-05, 8.362196501476347e-05, 7.959536998847741e-05, 7.524999999999999e-05, 7.06334638322521e-05, 6.579634122155988e-05, 6.079162869547907e-05, 5.567415893174884e-05, 5.05e-05, 4.532584106825115e-05, 4.0208371304520894e-05, 3.520365877844009e-05, 3.036653616774789e-05, 2.5750000000000002e-05, 2.140463001152258e-05, 1.737803498523653e-05, 1.3714331138868993e-05, 1.0453658778440105e-05, 7.631742512670283e-06, 5.2794998466912506e-06, 3.4227024433898994e-06, 2.0816937636766182e-06, 1.2711661792704665e-06]}