{"train_loss": [12.0279049417212, 11.519377025631576, 11.351098208501778, 11.144147079200922, 10.891169322175012, 10.591547779126655, 10.2561500294521, 9.910181612592682, 9.600171995826075, 9.356434228497621, 9.151096176005998, 9.008381039393988, 8.900211730688572, 8.8284473750745, 8.780021484622562], "val_loss": [11.398321642194475, 11.229827943529402, 11.019997386932372, 10.735274223600115, 10.403609290804182, 10.057090262004307, 9.711860743931362, 9.401757940564837, 9.19534648350307, 9.0391888155256, 8.932963542938232, 8.852297145979746, 8.818889329092844, 8.793457805769783, 8.789768632480076], "epochs": [1, 2, 3, 4, 5, 6, 7, 8, 9, 10, 11, 12, 13, 14, 15], "lr": [0.0001, 9.891830623632339e-05, 9.572050015330874e-05, 9.05463412215599e-05, 8.362196501476348e-05, 7.525e-05, 6.57963412215599e-05, 5.567415893174885e-05, 4.532584106825116e-05, 3.5203658778440106e-05, 2.5750000000000013e-05, 1.7378034985236535e-05, 1.0453658778440107e-05, 5.279499846691251e-06, 2.0816937636766186e-06]}