{"train_loss": [11.78865993105616, 11.281128378557963, 11.073387484102408, 10.815018655272976, 10.467338492947013, 10.05351815244744, 9.58234041619757, 9.109382518229426, 8.669346333251722, 8.233792348346064, 7.887222149503915, 7.559021929118822, 7.21669005004453, 6.937124564939872, 6.677385833325045], "val_loss": [11.175129756150373, 10.95703301078682, 10.636899134872468, 10.223714753506096, 9.782927111611356, 9.31469308247815, 8.907634063308967, 8.556649372695258, 8.32305523768078, 8.065197538017289, 7.879836004405809, 7.705236702156204, 7.566173531993787, 7.482104916671415, 7.293656976330357], "epochs": [1, 2, 3, 4, 5, 6, 7, 8, 9, 10, 11, 12, 13, 14, 15], "lr": [0.0001, 0.0001, 0.0001, 0.0001, 0.0001, 0.0001, 0.0001, 0.0001, 0.0001, 0.0001, 0.0001, 0.0001, 0.0001, 0.0001, 0.0001]}