{"train_loss": [10.337178770405503, 10.085957961674978, 9.973628251308721, 9.804411469731205, 9.555208980885986, 9.25864023851925, 8.945000527173104, 8.601440738845657, 8.30148329658218, 8.006573355812595, 7.738688693445614, 7.49056131438693, 7.2481273601141805, 7.016208005374705, 6.79339710696713, 6.591736151823429, 6.407376919776226, 6.212929757086785, 6.038288627352033, 5.869221676030808, 5.704791577106195, 5.563001583313801, 5.406967866249439, 5.270969351972449], "val_loss": [10.077480782100132, 9.951068117959158, 9.732934387751987, 9.422872706821986, 9.077549462999617, 8.73450407573155, 8.444780385153635, 8.112677277156285, 7.894530015672956, 7.69000901903425, 7.576042233875819, 7.428626700810024, 7.311181857245309, 7.193775596618653, 7.127975609643118, 7.037617221559797, 6.984986708504813, 6.90635135786874, 6.826558906010219, 6.781655987330845, 6.7010305268423895, 6.640814113616943, 6.595091341563633, 6.560598862511771], "epochs": [1, 2, 3, 4, 5, 6, 7, 8, 9, 10, 11, 12, 13, 14, 15, 16, 17, 18, 19, 20, 21, 22, 23, 24], "lr": [0.0005, 0.0005, 0.0005, 0.0005, 0.0005, 0.0005, 0.0005, 0.0005, 0.0005, 0.0005, 0.0005, 0.0005, 0.0005, 0.0005, 0.0005, 0.0005, 0.0005, 0.0005, 0.0005, 0.0005, 0.0005, 0.0005, 0.0005, 0.0005]}