{"train_loss": [12.08004511492794, 11.55797637669386, 11.358749576927085, 11.12359747583234, 10.812290199688102, 10.439159435508525, 10.03726785392938, 9.64682188910168, 9.307936912139558, 9.021218309912861, 8.81461550201789, 8.65306708243041, 8.539218389179151, 8.481292117360368, 8.435801255466865], "val_loss": [11.529048711231777, 11.333288213184902, 11.066155026299613, 10.71474912098476, 10.304728509357997, 9.843262553896222, 9.430636481557574, 9.122761310168675, 8.892605395998274, 8.737639570917402, 8.647625752857753, 8.586506898743766, 8.530986206190926, 8.503850222315107, 8.519566768237523], "epochs": [1, 2, 3, 4, 5, 6, 7, 8, 9, 10, 11, 12, 13, 14, 15], "lr": [0.0001, 9.891830623632339e-05, 9.572050015330874e-05, 9.05463412215599e-05, 8.362196501476348e-05, 7.525e-05, 6.57963412215599e-05, 5.567415893174885e-05, 4.532584106825116e-05, 3.5203658778440106e-05, 2.5750000000000013e-05, 1.7378034985236535e-05, 1.0453658778440107e-05, 5.279499846691251e-06, 2.0816937636766186e-06]}