{"train_loss": [11.875123871617841, 11.364605426520093, 11.0146292274807, 10.48084190033534, 9.820110538049194, 9.163091820935561, 8.590724153409594, 8.06699909775829, 7.6090095617210975, 7.196841522964643, 6.8468252606627065, 6.5154038312487454, 6.230472381155643, 5.962869974522079, 5.708438284174041], "val_loss": [11.301302309288477, 10.94640151563076, 10.388175878463429, 9.729721706027725, 9.091947940692807, 8.674758912496179, 8.270615959440153, 8.006694787906868, 7.775038275401706, 7.577160752100805, 7.375351727562687, 7.2578776467264, 7.117870268095724, 7.013135915487642, 6.888815107134259], "epochs": [1, 2, 3, 4, 5, 6, 7, 8, 9, 10, 11, 12, 13, 14, 15], "lr": [0.0001, 0.0001, 0.0001, 0.0001, 0.0001, 0.0001, 0.0001, 0.0001, 0.0001, 0.0001, 0.0001, 0.0001, 0.0001, 0.0001, 0.0001]}