{
    "BAKS": 0.11334991770444246,
    "BAUS": 0.4708609800943321,
    "geometric_mean": 0.23102392374800854,
    "threshold": 0.3448979591836735,
    "backbone": "eca_nfnet_l0",
    "evaluation_time": "2025-04-11 11:29:31"
}