{"train_loss": [12.058358085809378, 11.542760019664524, 11.35751277505094, 11.167433462666057, 10.93758462954171, 10.673463516396309, 10.366295625791269, 10.046584925872867, 9.74004672468966, 9.479762776290315, 9.266501478203239, 9.102887431277505, 8.989720768666972, 8.934688402932405, 8.900366278740927], "val_loss": [11.504537309919085, 11.350279816218785, 11.157620533534459, 10.88851352419172, 10.573277878080095, 10.24776978628976, 9.914868094580514, 9.612397443226406, 9.39216744695391, 9.23442028250013, 9.11970018182482, 9.038811573982239, 9.00386938231332, 8.971570942742485, 8.975713799340385], "epochs": [1, 2, 3, 4, 5, 6, 7, 8, 9, 10, 11, 12, 13, 14, 15], "lr": [0.0001, 9.891830623632339e-05, 9.572050015330874e-05, 9.05463412215599e-05, 8.362196501476348e-05, 7.525e-05, 6.57963412215599e-05, 5.567415893174885e-05, 4.532584106825116e-05, 3.5203658778440106e-05, 2.5750000000000013e-05, 1.7378034985236535e-05, 1.0453658778440107e-05, 5.279499846691251e-06, 2.0816937636766186e-06]}