{"train_loss": [12.09980801321594, 11.570515606465857, 11.190889617477017, 10.660001989071736, 10.00256243948633, 9.376192883070042, 8.788477850942575, 8.278252513131845, 7.807468765282006, 7.3952965799788855, 7.037682694531559, 6.6915665351496205, 6.411254768559102, 6.143445363964481, 5.890216412236182, 5.665136295333784, 5.444385363211793, 5.243216227726097, 5.066548221075579, 4.883595022525681, 4.703180355882823, 4.559836226054345, 4.415145345618216, 4.289022924391071, 4.154253005534969], "val_loss": [11.560834298396298, 11.154047906015327, 10.5982566169537, 9.908453976451883, 9.232592326389883, 8.753915228785745, 8.378705791953294, 8.134230574852573, 7.871288756969744, 7.683254148211967, 7.524566891024674, 7.351144371073616, 7.233891504845336, 7.110651623273935, 7.031842331617026, 6.914340660348801, 6.837724595345967, 6.725943870932992, 6.668428725903166, 6.5868820225536355, 6.540863886486214, 6.458159933949131, 6.39769155711596, 6.332670953122099, 6.252803751534441], "epochs": [1, 2, 3, 4, 5, 6, 7, 8, 9, 10, 11, 12, 13, 14, 15, 16, 17, 18, 19, 20, 21, 22, 23, 24, 25], "lr": [0.0001, 0.0001, 0.0001, 0.0001, 0.0001, 0.0001, 0.0001, 0.0001, 0.0001, 0.0001, 0.0001, 0.0001, 0.0001, 0.0001, 0.0001, 0.0001, 0.0001, 0.0001, 0.0001, 0.0001, 0.0001, 0.0001, 0.0001, 0.0001, 0.0001]}