{"train_loss": [12.091501258467503, 11.56438923525097, 11.36509879128721, 11.110943775763754, 10.796286053261674, 10.438149620197615, 10.039403233405562, 9.669085355132529, 9.350567214859723, 9.086892588953404, 8.881914171346672, 8.732630101729184, 8.631456601584555, 8.566458845359588, 8.52562012915565], "val_loss": [11.543585315431867, 11.306738508769444, 11.016832433428084, 10.630393962860108, 10.19505807876587, 9.77682578086853, 9.397245750427246, 9.082481872694833, 8.884627584729875, 8.794982840674264, 8.654802610533578, 8.592081593785966, 8.56010431425912, 8.543048663139343, 8.522630045073374], "epochs": [1, 2, 3, 4, 5, 6, 7, 8, 9, 10, 11, 12, 13, 14, 15], "lr": [0.0001, 9.891830623632339e-05, 9.572050015330874e-05, 9.05463412215599e-05, 8.362196501476348e-05, 7.525e-05, 6.57963412215599e-05, 5.567415893174885e-05, 4.532584106825116e-05, 3.5203658778440106e-05, 2.5750000000000013e-05, 1.7378034985236535e-05, 1.0453658778440107e-05, 5.279499846691251e-06, 2.0816937636766186e-06]}