{"train_loss": [11.922167434772861, 11.290986240161622, 9.509379867360561, 6.710803065521304, 4.309867509004939, 2.878270362267263, 2.057585020105547, 1.5027797519500496, 1.1705369998807016, 0.9109929741694266, 0.7356695815842237, 0.6014578564076798, 0.5116897173559898, 0.43389455313334546, 0.3701361117613372, 0.3224827029504558, 0.27574125352504225, 0.24421328161175085, 0.21283241103556527, 0.1904564633244405, 0.16580566763042823, 0.1470777816475145, 0.13147342927402222, 0.11820158095630515, 0.10369644896559543, 0.09277110302512326, 0.0838799176274952, 0.0726992306763204, 0.06884813800533715, 0.05530876947924463, 0.05312810382650544, 0.04641019289852375, 0.04083818481401992, 0.037021131028484096, 0.03298045949760396, 0.027747726870552374], "val_loss": [11.477694093159267, 9.796235063416617, 7.286025494166783, 6.096547021865844, 5.381625193527767, 4.898888730662209, 4.532485550471715, 4.240864436626435, 4.03779653787613, 3.848273720230375, 3.6689893771920885, 3.5916627538204193, 3.484761350836073, 3.3939507590021405, 3.3190185599667688, 3.2647567197254728, 3.1918077284949167, 3.1630510011741095, 3.1252545155797686, 3.072463620901108, 3.0447969947542464, 3.008153008903776, 2.9670704584462304, 2.915238068784986, 2.90064047234399, 2.8892611833981103, 2.8866283629621776, 2.8571564301422665, 2.8299361646175383, 2.7888593700102398, 2.78803950377873, 2.756980224251747, 2.7393148040771482, 2.725502690247127, 2.725049419403076, 2.695085982637746], "epochs": [1, 2, 3, 4, 5, 6, 7, 8, 9, 10, 11, 12, 13, 14, 15, 16, 17, 18, 19, 20, 21, 22, 23, 24, 25, 26, 27, 28, 29, 30, 31, 32, 33, 34, 35, 36], "lr": [5e-05, 4.9951161528599724e-05, 4.980483885753333e-05, 4.9561609455535045e-05, 4.922243323793362e-05, 4.8788648778305053e-05, 4.826196802573422e-05, 4.7644469548533986e-05, 4.693859033108562e-05, 4.614711615617487e-05, 4.5273170610779944e-05, 4.4320202758700775e-05, 4.329197352867993e-05, 4.219254087173504e-05, 4.102624374628007e-05, 3.979768499423871e-05, 3.851171317573016e-05, 3.7173403434017446e-05, 3.578803746623554e-05, 3.4361082678945774e-05, 3.289817061077994e-05, 3.140507470733015e-05, 2.9887687535996682e-05, 2.835199753071653e-05, 2.6804065358350503e-05, 2.5249999999999994e-05, 2.3695934641649488e-05, 2.2148002469283464e-05, 2.061231246400331e-05, 1.9094925292669837e-05, 1.7601829389220053e-05, 1.613891732105422e-05, 1.4711962533764446e-05, 1.3326596565982538e-05, 1.1988286824269823e-05, 1.0702315005761288e-05]}