{"train_loss": [12.063636854788717, 11.510833791446483, 11.320729730698826, 11.08639462513349, 10.787356514960969, 10.42713432170876, 10.049449801495413, 9.696129973090981, 9.380871758249295, 9.128281578805936, 8.934395059016996, 8.783771578000414, 8.676393275633927, 8.614545870331327, 8.5804066559225], "val_loss": [11.474899463653564, 11.250438673836845, 11.000260960715158, 10.659358671733312, 10.277485931941442, 9.882550167356218, 9.515004608290536, 9.214128448622567, 9.030183904511588, 8.851958144051688, 8.777935220173427, 8.710249900817871, 8.662416208812168, 8.657908629008702, 8.6476837178639], "epochs": [1, 2, 3, 4, 5, 6, 7, 8, 9, 10, 11, 12, 13, 14, 15], "lr": [0.0001, 9.891830623632339e-05, 9.572050015330874e-05, 9.05463412215599e-05, 8.362196501476348e-05, 7.525e-05, 6.57963412215599e-05, 5.567415893174885e-05, 4.532584106825116e-05, 3.5203658778440106e-05, 2.5750000000000013e-05, 1.7378034985236535e-05, 1.0453658778440107e-05, 5.279499846691251e-06, 2.0816937636766186e-06]}